{
  "atomic_sounds": {
    "cafe_ambience": {
      "textural_density": 0.9240555763244629,
      "onset_pattern": {
        "ioi_variance": 49.99632690541781,
        "num_onsets": 34.0,
        "mean_ioi": 12.606060606060606
      },
      "harmonic_richness": 0.19690105319023132,
      "spatial_openness": 0.7591017437645012,
      "spectral_trajectory": 0.011241479101921888,
      "pitch_profile": {
        "pitch_range": 3534.907470703125,
        "mean_pitch": 541.3922119140625,
        "pitch_variance": 141949.796875
      },
      "temporal_complexity": 0.9498874997442814,
      "emotional_valence": 0.0561683252453804,
      "energy_level": 0.05023965239524841,
      "timbre_vector": [
        -133.1600799560547,
        79.22637939453125,
        2.5496771335601807,
        3.2885329723358154,
        -6.597165584564209,
        -1.8306552171707153,
        -10.730977058410645,
        -2.887200117111206,
        -9.264750480651855,
        1.4971402883529663,
        -3.1701161861419678,
        1.7000913619995117,
        -2.567896604537964
      ]
    },
    "forest_ambience": {
      "textural_density": 0.9412038326263428,
      "onset_pattern": {
        "ioi_variance": 134.10059171597635,
        "num_onsets": 27.0,
        "mean_ioi": 16.23076923076923
      },
      "harmonic_richness": 0.2884722650051117,
      "spatial_openness": 0.6135769377175174,
      "spectral_trajectory": 0.0003823871944107498,
      "pitch_profile": {
        "pitch_range": 1825.3941650390625,
        "mean_pitch": 415.8022155761719,
        "pitch_variance": 65766.9921875
      },
      "temporal_complexity": 0.990288706450909,
      "emotional_valence": -0.015086996369063854,
      "energy_level": 0.13154610991477966,
      "timbre_vector": [
        -11.074236869812012,
        91.22161102294922,
        -20.224742889404297,
        21.352880477905273,
        -11.276915550231934,
        9.076302528381348,
        -4.806680202484131,
        3.300274610519409,
        -1.8984366655349731,
        5.444962978363037,
        -3.2735984325408936,
        3.146653413772583,
        -1.7559077739715576
      ]
    },
    "underwater_ambience": {
      "textural_density": 0.9948139786720276,
      "onset_pattern": {
        "ioi_variance": 4.535145429362881,
        "num_onsets": 77.0,
        "mean_ioi": 5.565789473684211
      },
      "harmonic_richness": 0.5346701741218567,
      "spatial_openness": 0.3196395555394431,
      "spectral_trajectory": -0.003166046777685533,
      "pitch_profile": {
        "pitch_range": 682.522705078125,
        "mean_pitch": 200.08934020996094,
        "pitch_variance": 13878.8974609375
      },
      "temporal_complexity": 0.9524411192464888,
      "emotional_valence": 0.1779998540878296,
      "energy_level": 0.02500181272625923,
      "timbre_vector": [
        -341.05426025390625,
        138.47503662109375,
        45.03432083129883,
        2.0585947036743164,
        -4.930911540985107,
        -5.173002243041992,
        4.097774505615234,
        4.994657039642334,
        3.265627384185791,
        3.4260506629943848,
        -0.54721599817276,
        -1.9824544191360474,
        -6.296082019805908
      ]
    },
    "bird_chirp": {
      "textural_density": 0.9720371961593628,
      "onset_pattern": {
        "ioi_variance": 869.6543209876542,
        "num_onsets": 10.0,
        "mean_ioi": 20.11111111111111
      },
      "harmonic_richness": 0.13475272059440613,
      "spatial_openness": 0.6628847475405093,
      "spectral_trajectory": 0.0069413921446317955,
      "pitch_profile": {
        "pitch_range": 3850.78125,
        "mean_pitch": 697.0661010742188,
        "pitch_variance": 1119186.5
      },
      "temporal_complexity": 0.9841600804098243,
      "emotional_valence": -0.15988683700561523,
      "energy_level": 0.0583818294107914,
      "timbre_vector": [
        -174.82997131347656,
        86.74376678466797,
        12.365253448486328,
        31.800222396850586,
        4.0631327629089355,
        1.023987889289856,
        4.7125701904296875,
        4.157630443572998,
        -7.2258381843566895,
        8.04332160949707,
        -5.160461902618408,
        6.826359272003174,
        0.6679329872131348
      ]
    },
    "espresso_machine": {
      "textural_density": 0.876782238483429,
      "onset_pattern": {
        "ioi_variance": 9.6875,
        "num_onsets": 33.0,
        "mean_ioi": 7.75
      },
      "harmonic_richness": 0.14960108697414398,
      "spatial_openness": 0.8070007088561777,
      "spectral_trajectory": 0.06519878490421854,
      "pitch_profile": {
        "pitch_range": 3844.197509765625,
        "mean_pitch": 1255.405517578125,
        "pitch_variance": 1039232.5
      },
      "temporal_complexity": 0.9432029570378483,
      "emotional_valence": -0.03295687958598137,
      "energy_level": 0.11217621713876724,
      "timbre_vector": [
        -66.25927734375,
        46.98645782470703,
        -35.02033996582031,
        8.366422653198242,
        -20.194780349731445,
        7.533339977264404,
        -11.559950828552246,
        5.161545753479004,
        -17.87006378173828,
        4.974653244018555,
        1.131148099899292,
        2.522754192352295,
        -3.4783263206481934
      ]
    },
    "thunder": {
      "textural_density": 0.9925983548164368,
      "onset_pattern": {
        "ioi_variance": 15.77410468319559,
        "num_onsets": 34.0,
        "mean_ioi": 7.7272727272727275
      },
      "harmonic_richness": 0.0734412670135498,
      "spatial_openness": 0.2196829082160596,
      "spectral_trajectory": -0.024144801129460196,
      "pitch_profile": {
        "pitch_range": 2583.263916015625,
        "mean_pitch": 354.441650390625,
        "pitch_variance": 187664.609375
      },
      "temporal_complexity": 0.9468274940516573,
      "emotional_valence": 0.013010363094508648,
      "energy_level": 0.02667498029768467,
      "timbre_vector": [
        -419.7222900390625,
        188.08636474609375,
        25.846696853637695,
        -9.523979187011719,
        3.145811080932617,
        -1.5165283679962158,
        -3.297966718673706,
        -1.414071798324585,
        -6.824513912200928,
        -9.077373504638672,
        -0.022910112515091896,
        -3.739717721939087,
        -8.60776424407959
      ]
    },
    "whale_song": {
      "textural_density": 0.9843043684959412,
      "onset_pattern": {
        "ioi_variance": 1369.0356431786704,
        "num_onsets": 14.5,
        "mean_ioi": 36.483552631578945
      },
      "harmonic_richness": 0.18135641887784004,
      "spatial_openness": 0.45328134063225056,
      "spectral_trajectory": 0.003564057027946356,
      "pitch_profile": {
        "pitch_range": 1788.5171508789062,
        "mean_pitch": 464.7967834472656,
        "pitch_variance": 71259.4130859375
      },
      "temporal_complexity": 0.9455327633408219,
      "emotional_valence": -0.012616220861673355,
      "energy_level": 0.04482350731268525,
      "timbre_vector": [
        -229.34536743164062,
        125.43603515625,
        -28.63600730895996,
        28.6036434173584,
        -19.135433197021484,
        -4.964573383331299,
        -7.977450847625732,
        -5.38911771774292,
        -5.307801246643066,
        -1.9809174537658691,
        -4.797173500061035,
        0.48121923208236694,
        -2.931861400604248
      ]
    },
    "cafe_chatter": {
      "textural_density": 0.9995622038841248,
      "onset_pattern": {
        "ioi_variance": 8.475260416666666,
        "num_onsets": 49.0,
        "mean_ioi": 6.9375
      },
      "harmonic_richness": 0.38113316893577576,
      "spatial_openness": 0.2570227581521739,
      "spectral_trajectory": 0.001403630414092354,
      "pitch_profile": {
        "pitch_range": 1407.259033203125,
        "mean_pitch": 905.162841796875,
        "pitch_variance": 82843.3359375
      },
      "temporal_complexity": 0.9681489837586946,
      "emotional_valence": -0.08883758634328842,